{"swagger":"2.0","info":{"title":"QRVerse","description":"QRVerse Pro is a powerful connector that allows you to generate various types of QR codes within Power Automate and Power Apps. By integrating with an Azure Function via RapidAPI, you can create WiFi, vCard, location, event, and URL QR codes effortlessly in svg format.","version":"1.0"},"host":"qrverse3.p.rapidapi.com","basePath":"/generate","schemes":["https"],"consumes":[],"produces":[],"paths":{"/url":{"post":{"responses":{"default":{"description":"default","schema":{"type":"object","properties":{"qrCodeSvg":{"type":"string","description":"QR Code in SVG format","title":"QR Code"}}}}},"summary":"URL QR Code","description":"Direct users to websites instantly.","operationId":"URL","parameters":[{"name":"Content-Type","in":"header","required":true,"type":"string","default":"application/json","x-ms-visibility":"internal"},{"name":"x-rapidapi-host","in":"header","required":true,"type":"string","default":"qrverse3.p.rapidapi.com","x-ms-visibility":"internal"},{"name":"body","in":"body","required":true,"schema":{"type":"object","properties":{"url":{"type":"string","description":"The URL the QR launches. Example, www.example.com","title":"URL"},"qrColor":{"type":"string","description":"The colour of the QR Code. Example, #008000","title":"QR Code Colour"},"backgroundColor":{"type":"string","description":"The background colour of the QR Code. Example, #FFFFFF","title":"Background Colour"}},"required":["url"]}}]}},"/event":{"post":{"responses":{"default":{"description":"default","schema":{"type":"object","properties":{"qrCodeSvg":{"type":"string","description":"QR Code in SVG format","title":"QR Code"}}}}},"summary":"Event QR Code","description":"Share event details seamlessly.","operationId":"Event","parameters":[{"name":"Content-Type","in":"header","required":true,"type":"string","default":"application/json","x-ms-visibility":"internal"},{"name":"x-rapidapi-host","in":"header","required":true,"type":"string","default":"qrverse3.p.rapidapi.com","x-ms-visibility":"internal"},{"name":"body","in":"body","required":true,"schema":{"type":"object","properties":{"summary":{"type":"string","description":"Name of the event","title":"Title"},"location":{"type":"string","description":"Location of the event. Example, Conference Room 1","title":"Location"},"startDate":{"type":"string","description":"Date when the event starts. Example, 2023-11-01","title":"Start Date"},"startTime":{"type":"string","description":"Time when the event ends. Example, 10:00","title":"Start Time"},"endDate":{"type":"string","description":"Date when the event ends. Example, 2023-11-01","title":"End Date"},"endTime":{"type":"string","description":"Date when the event ends. Example, 10:00","title":"End Time"},"qrColor":{"type":"string","description":"The colour of the QR Code. Example, #008000","title":"QR Code Colour"},"backgroundColor":{"type":"string","description":"The background colour of the QR Code. Example, #FFFFFF","title":"Background Colour"}},"required":["summary","startTime","startDate","endTime","endDate"]}}]}},"/location":{"post":{"responses":{"default":{"description":"default","schema":{"type":"object","properties":{"qrCodeSvg":{"type":"string","description":"QR Code in SVG format","title":"QR Code"}}}}},"summary":"Location QR Code","description":"Share precise geographic locations.","operationId":"Location","parameters":[{"name":"Content-Type","in":"header","required":true,"type":"string","default":"application/json","x-ms-visibility":"internal"},{"name":"x-rapidapi-host","in":"header","required":true,"type":"string","default":"qrverse3.p.rapidapi.com","x-ms-visibility":"internal"},{"name":"body","in":"body","required":true,"schema":{"type":"object","properties":{"latitude":{"type":"string","description":"Coordinates for the latitude. Example, 37.7749","title":"Latitude"},"longitude":{"type":"string","description":"Coordinates for the longitude. Example, -122.4194","title":"Longitude"},"qrColor":{"type":"string","description":"The colour of the QR Code. Example, #008000","title":"QR Code Colour"},"backgroundColor":{"type":"string","description":"The background colour of the QR Code. Example, #FFFFFF","title":"Background Colour"}},"required":["latitude","longitude"]}}]}},"/vcard":{"post":{"responses":{"default":{"description":"default","schema":{"type":"object","properties":{"qrCodeSvg":{"type":"string","description":"QR Code in SVG format","title":"Qr Code"}}}}},"summary":"vCard QR Code","description":"Provide contact information with a scan.","operationId":"VCard","parameters":[{"name":"Content-Type","in":"header","required":true,"type":"string","default":"application/json","x-ms-visibility":"internal"},{"name":"x-rapidapi-host","in":"header","required":true,"type":"string","default":"qrverse3.p.rapidapi.com","x-ms-visibility":"internal"},{"name":"body","in":"body","required":true,"schema":{"type":"object","properties":{"firstName":{"type":"string","description":"Contacts first name","title":"First Name"},"middleName":{"type":"string","description":"Contacts middle name","title":"Middle Name"},"lastName":{"type":"string","description":"Contacts last name","title":"Last Name"},"company":{"type":"string","description":"The contacts company name","title":"Company"},"jobTitle":{"type":"string","description":"Contacts job title","title":"Job Title"},"phoneWork":{"type":"string","description":"Contacts work phone number","title":"Work Phone"},"phoneMobile":{"type":"string","description":"Contacts mobile phone number","title":"Mobile Phone"},"email":{"type":"string","description":"The email address for the contact","title":"Email"},"website":{"type":"string","description":"Url to contacts website","title":"Website"},"address1":{"type":"string","description":"First line of contacts address","title":"Address 1"},"address2":{"type":"string","description":"Second line of contacts address","title":"Address 2"},"city":{"type":"string","description":"City where the contact resides","title":"City"},"postcode":{"type":"string","description":"Postcode for the contacts address","title":"Postcode"},"country":{"type":"string","description":"Country where the contact resides","title":"Country"},"qrColor":{"type":"string","description":"The colour of the QR Code. Example, #008000","title":"QR Code Colour"},"backgroundColor":{"type":"string","description":"The background colour of the QR Code. Example, #FFFFFF","title":"Background Colour"}},"required":["firstName"]}}]}},"/wifi":{"post":{"responses":{"default":{"description":"default","schema":{"type":"object","properties":{"qrCodeSvg":{"type":"string","description":"QR Code in SVG format","title":"QR Code"}}}}},"summary":"Wifi QR Code","description":"Connect to networks instantly.","operationId":"Wifi","parameters":[{"name":"Content-Type","in":"header","required":true,"type":"string","default":"application/json","x-ms-visibility":"internal"},{"name":"x-rapidapi-host","in":"header","required":true,"type":"string","default":"qrverse3.p.rapidapi.com","x-ms-visibility":"internal"},{"name":"body","in":"body","required":true,"schema":{"type":"object","properties":{"ssid":{"type":"string","description":"Name of the network/SSID","title":"SSID"},"password":{"type":"string","description":"Password to access the SSID","title":"Password"},"authType":{"type":"string","description":"Method to authenticate the SSID","title":"Authentication Type","enum":["WPA","WPA2","WPA3","WEP","EAP","None"]},"qrColor":{"type":"string","description":"The colour of the QR Code. Example, #008000","title":"QR Code Colour"},"backgroundColor":{"type":"string","description":"The background colour of the QR Code. Example, #FFFFFF","title":"Background Colour"}},"required":["authType","ssid"]}}]}}},"definitions":{},"parameters":{},"responses":{},"securityDefinitions":{"api_key":{"type":"apiKey","in":"header","name":"x-rapidapi-key"}},"security":[{"api_key":[]}],"tags":[]}