<ImportExportXml xmlns:xsi="http://www.w3.org/2001/XMLSchema-instance" OrganizationVersion="9.2.24103.216" OrganizationSchemaType="Standard" CRMServerServiceabilityVersion="9.2.24103.00216">
  <Entities></Entities>
  <Roles></Roles>
  <Workflows></Workflows>
  <FieldSecurityProfiles></FieldSecurityProfiles>
  <Templates />
  <EntityMaps />
  <EntityRelationships />
  <OrganizationSettings />
  <optionsets />
  <CustomControls />
  <EntityDataProviders />
  <Connectors>
    <Connector>
      <connectorid>b4203543-61a1-4cf4-8f96-aefa2c75a710</connectorid>
      <description>QRVerse Pro is a powerful connector that allows you to generate various types of QR codes within Power Automate and Power Apps. By integrating with an Azure Function via RapidAPI, you can create WiFi, vCard, location, event, and URL QR codes effortlessly in svg format.</description>
      <displayname>QRVerse</displayname>
      <iconbrandcolor>#007ee5</iconbrandcolor>
      <name>tcs_5Fqrverse</name>
      <connectortype>1</connectortype>
      <openapidefinition>/Connector/tcs_5Fqrverse_openapidefinition.json</openapidefinition>
      <connectionparameters>/Connector/tcs_5Fqrverse_connectionparameters.json</connectionparameters>
      <policytemplateinstances>/Connector/tcs_5Fqrverse_policytemplateinstances.json</policytemplateinstances>
      <iconblob>/Connector/tcs_5Fqrverse_iconblob.Png</iconblob>
    </Connector>
  </Connectors>
  <Languages>
    <Language>1033</Language>
  </Languages>
</ImportExportXml>